id,name,email,mobileNo,fees,date
1,Akshay,abc@gmail.com,123467869,100,11-04-2023
2,Hello,abc@gmail.com,123467869,200,12-04-2023
3,Word,abc@gmail.com,123467869,300,13-04-2023
4,kj,abc@gmail.com,123467869,400,14-04-2023
5,nkjb,abc@gmail.com,123467869,500,15-04-2023
6,kl,abc@gmail.com,123467869,600,16-04-2023
7,lkjl,abc@gmail.com,123467869,700,17-04-2023
8,nkjb,abc@gmail.com,123467869,800,18-04-2023
9,nl,abc@gmail.com,123467869,900,19-04-2023
10,mnkjkj,abc@gmail.com,123467869,1000,20-04-2023
11,hgchgc,abc@gmail.com,123467869,1100,21-04-2023
12,dfdf,abc@gmail.com,123467869,1200,22-04-2023
13,dsfgdf,abc@gmail.com,123467869,1300,23-04-2023
14,fdgdfgdfg,abc@gmail.com,123467869,1400,24-04-2023
15,xdz,abc@gmail.com,123467869,1500,25-04-2023
16,rw,abc@gmail.com,123467869,1600,26-04-2023
17,qw,abc@gmail.com,123467869,1700,27-04-2023
18,dfdf,abc@gmail.com,123467869,1800,28-04-2023
19,gd,abc@gmail.com,123467869,1900,29-04-2023
20,hjjvjh,abc@gmail.com,123467869,2000,30-04-2023
21,dfdf,abc@gmail.com,123467869,2100,01-05-2023
22,jhcgjhkj,abc@gmail.com,123467869,2200,02-05-2023
23,dg,abc@gmail.com,123467869,2300,03-05-2023
24,jvjhv,abc@gmail.com,123467869,2400,04-05-2023
25,utoiou,abc@gmail.com,123467869,2500,05-05-2023
26,dfdf,abc@gmail.com,123467869,2600,06-05-2023
27,wrew,abc@gmail.com,123467869,2700,07-05-2023
28,dfg,abc@gmail.com,123467869,2800,08-05-2023
29,fdgdfgdfg,abc@gmail.com,123467869,2900,09-05-2023
30,uiyiououii,abc@gmail.com,123467869,3000,10-05-2023
